code,system
11601,gprdproduct
11604,gprdproduct
11609,gprdproduct
11610,gprdproduct
11717,gprdproduct
11737,gprdproduct
11760,gprdproduct
7375,gprdproduct
11990,gprdproduct
43270,gprdproduct
58607,gprdproduct
14164,gprdproduct
17580,gprdproduct
6855,gprdproduct
7325,gprdproduct
16044,gprdproduct
39729,gprdproduct
49502,gprdproduct
50570,gprdproduct
52634,gprdproduct
59620,gprdproduct
7166,gprdproduct
7610,gprdproduct
18220,gprdproduct
30316,gprdproduct
23,gprdproduct
33087,gprdproduct
34004,gprdproduct
34135,gprdproduct
34323,gprdproduct
34504,gprdproduct
34598,gprdproduct
34917,gprdproduct
47939,gprdproduct
48149,gprdproduct
50970,gprdproduct
51527,gprdproduct
52221,gprdproduct
52442,gprdproduct
53867,gprdproduct
55270,gprdproduct
55711,gprdproduct
55739,gprdproduct
57457,gprdproduct
60286,gprdproduct
25678,gprdproduct
26258,gprdproduct
27501,gprdproduct
42161,gprdproduct
31077,gprdproduct
33674,gprdproduct
34020,gprdproduct
34697,gprdproduct
34742,gprdproduct
34836,gprdproduct
50821,gprdproduct
54898,gprdproduct
93,gprdproduct
31146,gprdproduct
44250,gprdproduct
58051,gprdproduct
735,gprdproduct
37874,gprdproduct
37902,gprdproduct
38355,gprdproduct
38400,gprdproduct
43619,gprdproduct
43684,gprdproduct
38551,gprdproduct
39203,gprdproduct
39560,gprdproduct
57147,gprdproduct
39598,gprdproduct
49738,gprdproduct
51135,gprdproduct
53478,gprdproduct
60074,gprdproduct
60968,gprdproduct
62144,gprdproduct
62265,gprdproduct
7048,gprdproduct
39988,gprdproduct
40007,gprdproduct
40110,gprdproduct
40233,gprdproduct
45581,gprdproduct
46989,gprdproduct
51080,gprdproduct
53774,gprdproduct
50682,gprdproduct
54150,gprdproduct
52445,gprdproduct
52449,gprdproduct
54442,gprdproduct
56965,gprdproduct
60643,gprdproduct
54891,gprdproduct
60012,gprdproduct
61043,gprdproduct
61559,gprdproduct